{"camera_matrix": [[1157.728469675212, 0.0, 905.5772904542149], [0.0, 1157.690625718117, 570.3145449220434], [0.0, 0.0, 1.0]], "dist_coeff": [[-0.3067558246007779, 0.12982908474576188, 0.008499971294647628, 0.005310655927169136, -0.1740228110290215]]}