{"camera_matrix": [[760.1422420220906, 0.0, 604.4471578746164], [0.0, 760.6583744084247, 511.3827447565635], [0.0, 0.0, 1.0]], "dist_coeff": [[-0.35175835919381404, 0.22999672566470566, 0.00028411880660580003, 0.0028822082052952264, -0.15037330731363707]]}