{"camera_matrix": [[126.17607140035923, 0.0, 151.2189435079401], [0.0, 126.56965079513309, 94.65310106670246], [0.0, 0.0, 1.0]], "dist_coeff": [[0.1456024150657133, -1.4236139732127053, 0.02428409792548034, 0.041839727162201974, 1.1109105962786086]]}