{"camera_matrix": [[1140.2736261671334, 0.0, 906.2780675935666], [0.0, 1144.3292336551326, 589.727427166234], [0.0, 0.0, 1.0]], "dist_coeff": [[-0.27825757404393103, -0.03735769352486123, 0.007860510582289646, 0.002759312784638712, 0.28076464774506243]]}