{
    "0": [
        [
            0.0,
            0.0,
            304.79998779296875
        ],
        [
            80.0,
            0.0,
            304.79998779296875
        ],
        [
            80.0,
            0.0,
            224.79998779296875
        ],
        [
            0.0,
            0.0,
            224.79998779296875
        ]
    ],
    "1": [
        [
            304.79998779296875,
            0.0,
            304.79998779296875
        ],
        [
            384.79998779296875,
            0.0,
            304.79998779296875
        ],
        [
            384.79998779296875,
            0.0,
            224.79998779296875
        ],
        [
            304.79998779296875,
            0.0,
            224.79998779296875
        ]
    ],
    "2": [
        [
            0.0,
            0.0,
            609.5999755859375
        ],
        [
            80.0,
            0.0,
            609.5999755859375
        ],
        [
            80.0,
            0.0,
            529.5999755859375
        ],
        [
            0.0,
            0.0,
            529.5999755859375
        ]
    ],
    "3": [
        [
            2133.600097656249,
            3581.3999023437505,
            304.79998779296875
        ],
        [
            2133.600097656249,
            3501.3999023437505,
            304.79998779296875
        ],
        [
            2133.600097656249,
            3501.3999023437505,
            224.79998779296875
        ],
        [
            2133.600097656249,
            3581.3999023437505,
            224.79998779296875
        ]
    ]
}