{
    "0": [
        [
            0.0,
            0.0,
            304.79998779296875
        ],
        [
            0.0,
            80.0,
            304.79998779296875
        ],
        [
            0.0,
            80.0,
            224.79998779296875
        ],
        [
            0.0,
            0.0,
            224.79998779296875
        ]
    ],
    "1": [
        [
            0.0,
            304.79998779296875,
            304.79998779296875
        ],
        [
            0.0,
            384.79998779296875,
            304.79998779296875
        ],
        [
            0.0,
            384.79998779296875,
            224.79998779296875
        ],
        [
            0.0,
            304.79998779296875,
            224.79998779296875
        ]
    ],
    "2": [
        [
            0.0,
            152.39999389648438,
            228.60000610351562
        ],
        [
            0.0,
            232.39999389648438,
            228.60000610351562
        ],
        [
            0.0,
            232.39999389648438,
            148.60000610351562
        ],
        [
            0.0,
            152.39999389648438,
            148.60000610351562
        ]
    ],
    "3": [
        [
            2133.60009765625,
            3858.76806640625,
            201.16799926757812
        ],
        [
            2213.60009765625,
            3858.76806640625,
            201.16799926757812
        ],
        [
            2213.60009765625,
            3858.76806640625,
            121.16799926757812
        ],
        [
            2133.60009765625,
            3858.76806640625,
            121.16799926757812
        ]
    ],
    "4": [
        [
            2133.60009765625,
            3858.76806640625,
            304.79998779296875
        ],
        [
            2213.60009765625,
            3858.76806640625,
            304.79998779296875
        ],
        [
            2213.60009765625,
            3858.76806640625,
            224.79998779296875
        ],
        [
            2133.60009765625,
            3858.76806640625,
            224.79998779296875
        ]
    ],
    "5": [
        [
            2133.60009765625,
            3892.2958984375,
            405.3840026855469
        ],
        [
            2213.60009765625,
            3892.2958984375,
            405.3840026855469
        ],
        [
            2213.60009765625,
            3892.2958984375,
            325.3840026855469
        ],
        [
            2133.60009765625,
            3892.2958984375,
            325.3840026855469
        ]
    ],
    "6": [
        [
            0.0,
            -2133.60009765625,
            304.79998779296875
        ],
        [
            0.0,
            -2053.60009765625,
            304.79998779296875
        ],
        [
            0.0,
            -2053.60009765625,
            224.79998779296875
        ],
        [
            0.0,
            -2133.60009765625,
            224.79998779296875
        ]
    ],
    "7": [
        [
            0.0,
            -2286.0,
            304.79998779296875
        ],
        [
            0.0,
            -2206.0,
            304.79998779296875
        ],
        [
            0.0,
            -2206.0,
            224.79998779296875
        ],
        [
            0.0,
            -2286.0,
            224.79998779296875
        ]
    ],
    "8": [
        [
            0.0,
            -2133.60009765625,
            457.20001220703125
        ],
        [
            0.0,
            -2053.60009765625,
            457.20001220703125
        ],
        [
            0.0,
            -2053.60009765625,
            377.20001220703125
        ],
        [
            0.0,
            -2133.60009765625,
            377.20001220703125
        ]
    ],
    "9": [
        [
            1777.8984375,
            -3593.896728515625,
            304.79998779296875
        ],
        [
            1697.8984375,
            -3593.896728515625,
            304.79998779296875
        ],
        [
            1697.8984375,
            -3593.896728515625,
            224.79998779296875
        ],
        [
            1777.8984375,
            -3593.896728515625,
            224.79998779296875
        ]
    ],
    "10": [
        [
            1777.8984375,
            -3593.896728515625,
            457.20001220703125
        ],
        [
            1697.8984375,
            -3593.896728515625,
            457.20001220703125
        ],
        [
            1697.8984375,
            -3593.896728515625,
            377.20001220703125
        ],
        [
            1777.8984375,
            -3593.896728515625,
            377.20001220703125
        ]
    ],
    "11": [
        [
            1777.8984375,
            -3593.896728515625,
            201.16799926757812
        ],
        [
            1697.8984375,
            -3593.896728515625,
            201.16799926757812
        ],
        [
            1697.8984375,
            -3593.896728515625,
            121.16799926757812
        ],
        [
            1777.8984375,
            -3593.896728515625,
            121.16799926757812
        ]
    ]
}