{
    "0": [
        [
            0.0,
            0.0,
            224.79998779296875
        ],
        [
            -80.0,
            -9.797174393178826e-15,
            224.79998779296875
        ],
        [
            -80.0,
            -9.797174393178826e-15,
            304.79998779296875
        ],
        [
            0.0,
            0.0,
            304.79998779296875
        ]
    ],
    "1": [
        [
            304.79998779296875,
            0.0,
            224.79998779296875
        ],
        [
            224.79998779296875,
            -9.797174393178826e-15,
            224.79998779296875
        ],
        [
            224.79998779296875,
            -9.797174393178826e-15,
            304.79998779296875
        ],
        [
            304.79998779296875,
            0.0,
            304.79998779296875
        ]
    ],
    "2": [
        [
            0.0,
            0.0,
            529.5999755859375
        ],
        [
            -80.0,
            -9.797174393178826e-15,
            529.5999755859375
        ],
        [
            -80.0,
            -9.797174393178826e-15,
            609.5999755859375
        ],
        [
            0.0,
            0.0,
            609.5999755859375
        ]
    ],
    "3": [
        [
            -3581.39990234375,
            -2133.60009765625,
            224.79998779296875
        ],
        [
            -3581.39990234375,
            -2213.60009765625,
            224.79998779296875
        ],
        [
            -3581.39990234375,
            -2213.60009765625,
            304.79998779296875
        ],
        [
            -3581.39990234375,
            -2133.60009765625,
            304.79998779296875
        ]
    ],
    "4": [
        [
            3858.76806640625,
            -2133.60009765625,
            224.79998779296875
        ],
        [
            3858.76806640625,
            -2053.60009765625,
            224.79998779296875
        ],
        [
            3858.76806640625,
            -2053.60009765625,
            304.79998779296875
        ],
        [
            3858.76806640625,
            -2133.60009765625,
            304.79998779296875
        ]
    ]
}